-- Seed data for public.banks
INSERT INTO public.banks (id, name, logo, description, rating, tariff_count, min_price, has_online_opening, has_free_tariff, regions)
VALUES
('tinkoff', 'Тинькофф Банк', '/tinkoff-bank-logo-yellow.jpg', 'Онлайн-банк для бизнеса с быстрым открытием счёта', 4.8, 3, 0, TRUE, TRUE, '{"Москва", "Санкт-Петербург", "Все регионы"}'),
('sber', 'Сбербанк', '/sberbank-logo-green.jpg', 'Крупнейший банк России с широкой сетью отделений', 4.5, 4, 0, TRUE, TRUE, '{"Москва", "Санкт-Петербург", "Все регионы"}'),
('alfa', 'Альфа-Банк', '/alfa-bank-logo-red.jpg', 'Надёжный банк с выгодными условиями для бизнеса', 4.6, 3, 0, TRUE, TRUE, '{"Москва", "Санкт-Петербург", "Все регионы"}'),
('vtb', 'ВТБ', '/vtb-bank-logo-blue.jpg', 'Государственный банк с гибкими тарифами', 4.4, 3, 0, TRUE, FALSE, '{"Москва", "Санкт-Петербург", "Все регионы"}'),
('raiffeisen', 'Райффайзенбанк', '/raiffeisen-bank-logo-yellow-black.jpg', 'Международный банк с качественным сервисом', 4.7, 2, 490, TRUE, FALSE, '{"Москва", "Санкт-Петербург", "Екатеринбург"}'),
('otkritie', 'Открытие', '/otkritie-bank-logo-blue.jpg', 'Универсальный банк для малого бизнеса', 4.3, 3, 0, TRUE, TRUE, '{"Москва", "Санкт-Петербург", "Все регионы"}'),
('modul', 'Модульбанк', '/modulbank-logo-green.jpg', 'Банк для предпринимателей с простым интерфейсом', 4.6, 3, 0, TRUE, TRUE, '{"Москва", "Санкт-Петербург", "Все регионы"}'),
('tochka', 'Точка', '/tochka-bank-logo-blue.jpg', 'Цифровой банк с инновационными решениями', 4.7, 2, 0, TRUE, TRUE, '{"Москва", "Санкт-Петербург", "Все регионы"}');

-- Seed data for public.tariffs
INSERT INTO public.tariffs (id, bank_id, bank_name, bank_logo, name, price, price_label, description, target_audience, operations_limit, transfer_commission, cash_withdrawal_commission, free_transfers, features, requirements, is_recommended, recommendation_reason)
VALUES
('tinkoff-simple', 'tinkoff', 'Тинькофф Банк', '/tinkoff-bank-logo-yellow.jpg', 'Простой', 0, 'Бесплатно', 'Базовый тариф для начинающего бизнеса', 'ИП с небольшим оборотом до 500 000 ₽', 10, '49 ₽ за платёж', '1.5% + 99 ₽', 3, '{"Бесплатное обслуживание", "3 бесплатных платежа", "Мобильное приложение", "Круглосуточная поддержка"}', '{"Паспорт", "ИНН", "ОГРНИП"}', TRUE, 'Лучший выбор для старта бизнеса'),
('tinkoff-advanced', 'tinkoff', 'Тинькофф Банк', '/tinkoff-bank-logo-yellow.jpg', 'Продвинутый', 1990, '1 990 ₽/мес', 'Для активного бизнеса с большим количеством операций', 'ИП и ООО с оборотом до 2 000 000 ₽', 50, '29 ₽ за платёж', '1% + 79 ₽', 20, '{"20 бесплатных платежей", "Сниженные комиссии", "Бизнес-карта", "Кэшбэк до 5%"}', '{"Паспорт", "ИНН", "ОГРН"}', FALSE, NULL),
('tinkoff-professional', 'tinkoff', 'Тинькофф Банк', '/tinkoff-bank-logo-yellow.jpg', 'Профессиональный', 4990, '4 990 ₽/мес', 'Максимум возможностей для крупного бизнеса', 'ООО с оборотом от 5 000 000 ₽', 200, '19 ₽ за платёж', '0.5%', 100, '{"100 бесплатных платежей", "VIP-поддержка", "Персональный менеджер", "Овердрафт"}', '{"Паспорт", "ИНН", "ОГРН", "Устав"}', FALSE, NULL),
('sber-start', 'sber', 'Сбербанк', '/sberbank-logo-green.jpg', 'Лёгкий старт', 0, 'Бесплатно', 'Бесплатный тариф для начинающих предпринимателей', 'ИП и самозанятые', 5, '100 ₽ за платёж', '2%', 0, '{"Бесплатное открытие", "Мобильный банк", "Интеграция с 1С"}', '{"Паспорт", "ИНН"}', FALSE, NULL),
('sber-business', 'sber', 'Сбербанк', '/sberbank-logo-green.jpg', 'Бизнес старт', 990, '990 ₽/мес', 'Оптимальный тариф для малого бизнеса', 'ИП и ООО с оборотом до 1 000 000 ₽', 30, '50 ₽ за платёж', '1.5%', 10, '{"10 бесплатных платежей", "Эквайринг со скидкой", "Бизнес-карта"}', '{"Паспорт", "ИНН", "ОГРН"}', FALSE, NULL),
('alfa-free', 'alfa', 'Альфа-Банк', '/alfa-bank-logo-red.jpg', 'На старте', 0, 'Бесплатно', 'Бесплатное обслуживание для нового бизнеса', 'ИП с оборотом до 300 000 ₽', 10, '59 ₽ за платёж', '1.9%', 5, '{"5 бесплатных платежей", "Онлайн-открытие за 10 минут", "Мобильный банк"}', '{"Паспорт", "ИНН"}', TRUE, 'Быстрое открытие и удобное приложение'),
('alfa-optimal', 'alfa', 'Альфа-Банк', '/alfa-bank-logo-red.jpg', 'Оптимальный', 1490, '1 490 ₽/мес', 'Сбалансированный тариф для растущего бизнеса', 'ИП и ООО с оборотом до 3 000 000 ₽', 50, '35 ₽ за платёж', '1.3%', 25, '{"25 бесплатных платежей", "Кэшбэк на бизнес-расходы", "Бесплатная бизнес-карта"}', '{"Паспорт", "ИНН", "ОГРН"}', FALSE, NULL),
('modul-start', 'modul', 'Модульбанк', '/modulbank-logo-green.jpg', 'Стартовый', 0, 'Бесплатно', 'Бесплатный счёт для микробизнеса', 'ИП с редкими операциями', 5, '90 ₽ за платёж', '2.5%', 0, '{"Бесплатное обслуживание", "Простой интерфейс", "Быстрое открытие"}', '{"Паспорт", "ИНН"}', FALSE, NULL),
('modul-optimal', 'modul', 'Модульбанк', '/modulbank-logo-green.jpg', 'Оптимальный', 690, '690 ₽/мес', 'Выгодный тариф для активного ИП', 'ИП с оборотом до 1 000 000 ₽', 30, '19 ₽ за платёж', '1%', 15, '{"15 бесплатных платежей", "Сниженные комиссии", "Интеграция с бухгалтерией"}', '{"Паспорт", "ИНН"}', TRUE, 'Лучшее соотношение цены и возможностей');

-- Seed data for public.promotions
INSERT INTO public.promotions (id, bank_id, bank_name, bank_logo, title, description, type, expires_at, link)
VALUES
('tinkoff-promo-1', 'tinkoff', 'Тинькофф Банк', '/tinkoff-bank-logo-yellow.jpg', '3 месяца бесплатно на тарифе "Продвинутый"', 'Откройте счёт до конца месяца и получите 3 месяца бесплатного обслуживания', 'free_service', '2026-02-28T00:00:00Z', '/banks/tinkoff'),
('alfa-promo-1', 'alfa', 'Альфа-Банк', '/alfa-bank-logo-red.jpg', 'Кэшбэк 10% на топливо', 'Повышенный кэшбэк на АЗС для новых клиентов в течение первого месяца', 'cashback', '2026-01-31T00:00:00Z', '/banks/alfa'),
('modul-promo-1', 'modul', 'Модульбанк', '/modulbank-logo-green.jpg', 'Бонус 5000 ₽ на счёт', 'Получите бонус при открытии счёта и первом пополнении от 50 000 ₽', 'bonus', NULL, '/banks/modul'),
('sber-promo-1', 'sber', 'Сбербанк', '/sberbank-logo-green.jpg', 'Бесплатная бухгалтерия на 6 месяцев', 'Подключите онлайн-бухгалтерию бесплатно при открытии счёта', 'free_service', NULL, '/banks/sber');

-- Seed data for public.blog_posts
INSERT INTO public.blog_posts (id, slug, title, excerpt, content, image, category, published_at, read_time, author_name, author_avatar)
VALUES
('1', 'kak-vybrat-rko-dlya-ip', 'Как выбрать РКО для ИП в 2026 году', 'Подробный гайд по выбору расчётно-кассового обслуживания для индивидуальных предпринимателей: на что обратить внимание и как сэкономить.', '', '/business-banking-guide.jpg', 'guides', '2026-01-15T00:00:00Z', 8, 'Анна Смирнова', NULL),
('2', 'sravnenie-tarify-2026', 'Сравнение тарифов РКО топ-5 банков', 'Детальное сравнение условий расчётно-кассового обслуживания в крупнейших банках России.', '', '/bank-comparison-chart.jpg', 'comparisons', '2026-01-10T00:00:00Z', 12, 'Михаил Петров', NULL),
('3', 'besplatnoe-rko-podvodnye-kamni', 'Бесплатное РКО: подводные камни', 'Разбираемся, действительно ли бесплатные тарифы выгодны и какие скрытые комиссии могут вас ждать.', '', '/financial-analysis-workspace.png', 'reviews', '2026-01-05T00:00:00Z', 6, 'Елена Козлова', NULL);
